Parent Description,Description,2011,2014,2015,2016,2017,2018,2019
Estimated Resident Population - Summary Statistics  - As at 30 June,Median Age - Males (years),,32.8,32.8,32.8,33,33.1,
Estimated Resident Population - Summary Statistics  - As at 30 June,Median Age - Females (years),,33.7,33.8,33.8,33.9,34,
Estimated Resident Population - Summary Statistics  - As at 30 June,Median Age - Persons (years),,33.2,33.3,33.4,33.5,33.6,
Estimated Resident Population - Summary Statistics  - As at 30 June,Working Age Population (aged 15-64 years) (no.),,135111,138508,142137,145740,148973,
Estimated Resident Population - Summary Statistics  - As at 30 June,Working Age Population (aged 15-64 years) (%),,67.3,67.2,67.1,66.9,66.7,
Estimated Resident Population - Summary Statistics  - As at 30 June,Males - Total (no.),,100193,102928,105819,108668,111377,
Estimated Resident Population - Summary Statistics  - As at 30 June,Females - Total (no.),,100532,103277,106164,109120,111927,
Estimated Resident Population - Summary Statistics  - As at 30 June,Persons - Total (no.),,200725,206205,211983,217788,223304,
Estimated Resident Population - Males  - As at 30 June,Males - 0-4 years (no.),,7915,8290,8602,8727,8951,
Estimated Resident Population - Males  - As at 30 June,Males - 5-9 years (no.),,7838,8012,8267,8466,8739,
Estimated Resident Population - Males  - As at 30 June,Males - 10-14 years (no.),,7735,7787,7879,8224,8368,
Estimated Resident Population - Males  - As at 30 June,Males - 15-19 years (no.),,7629,7774,8037,8057,8175,
Estimated Resident Population - Males  - As at 30 June,Males - 20-24 years (no.),,7525,7797,7971,8201,8386,
Estimated Resident Population - Males  - As at 30 June,Males - 25-29 years (no.),,7176,7335,7666,7879,8118,
Estimated Resident Population - Males  - As at 30 June,Males - 30-34 years (no.),,7589,7849,7957,8113,8263,
Estimated Resident Population - Males  - As at 30 June,Males - 35-39 years (no.),,7081,7309,7578,7931,8275,
Estimated Resident Population - Males  - As at 30 June,Males - 40-44 years (no.),,7214,7269,7444,7471,7435,
Estimated Resident Population - Males  - As at 30 June,Males - 45-49 years (no.),,6785,6875,6940,7176,7347,
Estimated Resident Population - Males  - As at 30 June,Males - 50-54 years (no.),,6699,6848,6923,6863,6798,
Estimated Resident Population - Males  - As at 30 June,Males - 55-59 years (no.),,5403,5633,5876,6187,6412,
Estimated Resident Population - Males  - As at 30 June,Males - 60-64 years (no.),,4284,4379,4540,4776,4974,
Estimated Resident Population - Males  - As at 30 June,Males - 65-69 years (no.),,3456,3631,3732,3812,3973,
Estimated Resident Population - Males  - As at 30 June,Males - 70-74 years (no.),,2459,2540,2648,2839,3023,
Estimated Resident Population - Males  - As at 30 June,Males - 75-79 years (no.),,1694,1775,1864,1920,2011,
Estimated Resident Population - Males  - As at 30 June,Males - 80-84 years (no.),,995,1031,1100,1194,1246,
Estimated Resident Population - Males  - As at 30 June,Males - 85 and over (no.),,716,794,795,832,883,
Estimated Resident Population - Males  - As at 30 June,Males - 0-4 years (%),,7.9,8.1,8.1,8,8,
Estimated Resident Population - Males  - As at 30 June,Males - 5-9 years (%),,7.8,7.8,7.8,7.8,7.8,
Estimated Resident Population - Males  - As at 30 June,Males - 10-14 years (%),,7.7,7.6,7.4,7.6,7.5,
Estimated Resident Population - Males  - As at 30 June,Males - 15-19 years (%),,7.6,7.6,7.6,7.4,7.3,
Estimated Resident Population - Males  - As at 30 June,Males - 20-24 years (%),,7.5,7.6,7.5,7.5,7.5,
Estimated Resident Population - Males  - As at 30 June,Males - 25-29 years (%),,7.2,7.1,7.2,7.3,7.3,
Estimated Resident Population - Males  - As at 30 June,Males - 30-34 years (%),,7.6,7.6,7.5,7.5,7.4,
Estimated Resident Population - Males  - As at 30 June,Males - 35-39 years (%),,7.1,7.1,7.2,7.3,7.4,
Estimated Resident Population - Males  - As at 30 June,Males - 40-44 years (%),,7.2,7.1,7,6.9,6.7,
Estimated Resident Population - Males  - As at 30 June,Males - 45-49 years (%),,6.8,6.7,6.6,6.6,6.6,
Estimated Resident Population - Males  - As at 30 June,Males - 50-54 years (%),,6.7,6.7,6.5,6.3,6.1,
Estimated Resident Population - Males  - As at 30 June,Males - 55-59 years (%),,5.4,5.5,5.6,5.7,5.8,
Estimated Resident Population - Males  - As at 30 June,Males - 60-64 years (%),,4.3,4.3,4.3,4.4,4.5,
Estimated Resident Population - Males  - As at 30 June,Males - 65-69 years (%),,3.4,3.5,3.5,3.5,3.6,
Estimated Resident Population - Males  - As at 30 June,Males - 70-74 years (%),,2.5,2.5,2.5,2.6,2.7,
Estimated Resident Population - Males  - As at 30 June,Males - 75-79 years (%),,1.7,1.7,1.8,1.8,1.8,
Estimated Resident Population - Males  - As at 30 June,Males - 80-84 years (%),,1,1,1,1.1,1.1,
Estimated Resident Population - Males  - As at 30 June,Males - 85 and over (%),,0.7,0.8,0.8,0.8,0.8,
Estimated Resident Population - Females  - As at 30 June,Females - 0-4 years (no.),,7749,7872,8053,8221,8590,
Estimated Resident Population - Females  - As at 30 June,Females - 5-9 years (no.),,7467,7784,8008,8138,8144,
Estimated Resident Population - Females  - As at 30 June,Females - 10-14 years (no.),,7162,7256,7458,7743,7905,
Estimated Resident Population - Females  - As at 30 June,Females - 15-19 years (no.),,7260,7357,7389,7493,7645,
Estimated Resident Population - Females  - As at 30 June,Females - 20-24 years (no.),,7255,7493,7757,7906,7980,
Estimated Resident Population - Females  - As at 30 June,Females - 25-29 years (no.),,7580,7736,7901,8242,8573,
Estimated Resident Population - Females  - As at 30 June,Females - 30-34 years (no.),,7845,8148,8421,8681,8885,
Estimated Resident Population - Females  - As at 30 June,Females - 35-39 years (no.),,7288,7501,7810,8108,8463,
Estimated Resident Population - Females  - As at 30 June,Females - 40-44 years (no.),,7603,7679,7664,7645,7614,
Estimated Resident Population - Females  - As at 30 June,Females - 45-49 years (no.),,6681,6782,7055,7385,7622,
Estimated Resident Population - Females  - As at 30 June,Females - 50-54 years (no.),,6422,6579,6640,6621,6591,
Estimated Resident Population - Females  - As at 30 June,Females - 55-59 years (no.),,5513,5693,5898,6013,6243,
Estimated Resident Population - Females  - As at 30 June,Females - 60-64 years (no.),,4279,4472,4670,4992,5174,
Estimated Resident Population - Females  - As at 30 June,Females - 65-69 years (no.),,3333,3578,3791,3913,4057,
Estimated Resident Population - Females  - As at 30 June,Females - 70-74 years (no.),,2515,2551,2702,2919,3084,
Estimated Resident Population - Females  - As at 30 June,Females - 75-79 years (no.),,1919,2025,2104,2140,2229,
Estimated Resident Population - Females  - As at 30 June,Females - 80-84 years (no.),,1382,1414,1446,1468,1598,
Estimated Resident Population - Females  - As at 30 June,Females - 85 and over (no.),,1279,1357,1397,1492,1530,
Estimated Resident Population - Females  - As at 30 June,Females - 0-4 years (%),,7.7,7.6,7.6,7.5,7.7,
Estimated Resident Population - Females  - As at 30 June,Females - 5-9 years (%),,7.4,7.5,7.5,7.5,7.3,
Estimated Resident Population - Females  - As at 30 June,Females - 10-14 years (%),,7.1,7,7,7.1,7.1,
Estimated Resident Population - Females  - As at 30 June,Females - 15-19 years (%),,7.2,7.1,7,6.9,6.8,
Estimated Resident Population - Females  - As at 30 June,Females - 20-24 years (%),,7.2,7.3,7.3,7.2,7.1,
Estimated Resident Population - Females  - As at 30 June,Females - 25-29 years (%),,7.5,7.5,7.4,7.6,7.7,
Estimated Resident Population - Females  - As at 30 June,Females - 30-34 years (%),,7.8,7.9,7.9,8,7.9,
Estimated Resident Population - Females  - As at 30 June,Females - 35-39 years (%),,7.2,7.3,7.4,7.4,7.6,
Estimated Resident Population - Females  - As at 30 June,Females - 40-44 years (%),,7.6,7.4,7.2,7,6.8,
Estimated Resident Population - Females  - As at 30 June,Females - 45-49 years (%),,6.6,6.6,6.6,6.8,6.8,
Estimated Resident Population - Females  - As at 30 June,Females - 50-54 years (%),,6.4,6.4,6.3,6.1,5.9,
Estimated Resident Population - Females  - As at 30 June,Females - 55-59 years (%),,5.5,5.5,5.6,5.5,5.6,
Estimated Resident Population - Females  - As at 30 June,Females - 60-64 years (%),,4.3,4.3,4.4,4.6,4.6,
Estimated Resident Population - Females  - As at 30 June,Females - 65-69 years (%),,3.3,3.5,3.6,3.6,3.6,
Estimated Resident Population - Females  - As at 30 June,Females - 70-74 years (%),,2.5,2.5,2.5,2.7,2.8,
Estimated Resident Population - Females  - As at 30 June,Females - 75-79 years (%),,1.9,2,2,2,2,
Estimated Resident Population - Females  - As at 30 June,Females - 80-84 years (%),,1.4,1.4,1.4,1.3,1.4,
Estimated Resident Population - Females  - As at 30 June,Females - 85 and over (%),,1.3,1.3,1.3,1.4,1.4,
Estimated Resident Population - Persons - As at 30 June,Persons - 0-4 years (no.),,15664,16162,16655,16948,17541,
Estimated Resident Population - Persons - As at 30 June,Persons - 5-9 years (no.),,15305,15796,16275,16604,16883,
Estimated Resident Population - Persons - As at 30 June,Persons - 10-14 years (no.),,14897,15043,15337,15967,16273,
Estimated Resident Population - Persons - As at 30 June,Persons - 15-19 years (no.),,14889,15131,15426,15550,15820,
Estimated Resident Population - Persons - As at 30 June,Persons - 20-24 years (no.),,14780,15290,15728,16107,16366,
Estimated Resident Population - Persons - As at 30 June,Persons - 25-29 years (no.),,14756,15071,15567,16121,16691,
Estimated Resident Population - Persons - As at 30 June,Persons - 30-34 years (no.),,15434,15997,16378,16794,17148,
Estimated Resident Population - Persons - As at 30 June,Persons - 35-39 years (no.),,14369,14810,15388,16039,16738,
Estimated Resident Population - Persons - As at 30 June,Persons - 40-44 years (no.),,14817,14948,15108,15116,15049,
Estimated Resident Population - Persons - As at 30 June,Persons - 45-49 years (no.),,13466,13657,13995,14561,14969,
Estimated Resident Population - Persons - As at 30 June,Persons - 50-54 years (no.),,13121,13427,13563,13484,13389,
Estimated Resident Population - Persons - As at 30 June,Persons - 55-59 years (no.),,10916,11326,11774,12200,12655,
Estimated Resident Population - Persons - As at 30 June,Persons - 60-64 years (no.),,8563,8851,9210,9768,10148,
Estimated Resident Population - Persons - As at 30 June,Persons - 65-69 years (no.),,6789,7209,7523,7725,8030,
Estimated Resident Population - Persons - As at 30 June,Persons - 70-74 years (no.),,4974,5091,5350,5758,6107,
Estimated Resident Population - Persons - As at 30 June,Persons - 75-79 years (no.),,3613,3800,3968,4060,4240,
Estimated Resident Population - Persons - As at 30 June,Persons - 80-84 years (no.),,2377,2445,2546,2662,2844,
Estimated Resident Population - Persons - As at 30 June,Persons - 85 and over (no.),,1995,2151,2192,2324,2413,
Estimated Resident Population - Persons - As at 30 June,Persons - 0-4 years (%),,7.8,7.8,7.9,7.8,7.9,
Estimated Resident Population - Persons - As at 30 June,Persons - 5-9 years (%),,7.6,7.7,7.7,7.6,7.6,
Estimated Resident Population - Persons - As at 30 June,Persons - 10-14 years (%),,7.4,7.3,7.2,7.3,7.3,
Estimated Resident Population - Persons - As at 30 June,Persons - 15-19 years (%),,7.4,7.3,7.3,7.1,7.1,
Estimated Resident Population - Persons - As at 30 June,Persons - 20-24 years (%),,7.4,7.4,7.4,7.4,7.3,
Estimated Resident Population - Persons - As at 30 June,Persons - 25-29 years (%),,7.4,7.3,7.3,7.4,7.5,
Estimated Resident Population - Persons - As at 30 June,Persons - 30-34 years (%),,7.7,7.8,7.7,7.7,7.7,
Estimated Resident Population - Persons - As at 30 June,Persons - 35-39 years (%),,7.2,7.2,7.3,7.4,7.5,
Estimated Resident Population - Persons - As at 30 June,Persons - 40-44 years (%),,7.4,7.2,7.1,6.9,6.7,
Estimated Resident Population - Persons - As at 30 June,Persons - 45-49 years (%),,6.7,6.6,6.6,6.7,6.7,
Estimated Resident Population - Persons - As at 30 June,Persons - 50-54 years (%),,6.5,6.5,6.4,6.2,6,
Estimated Resident Population - Persons - As at 30 June,Persons - 55-59 years (%),,5.4,5.5,5.6,5.6,5.7,
Estimated Resident Population - Persons - As at 30 June,Persons - 60-64 years (%),,4.3,4.3,4.3,4.5,4.5,
Estimated Resident Population - Persons - As at 30 June,Persons - 65-69 years (%),,3.4,3.5,3.5,3.5,3.6,
Estimated Resident Population - Persons - As at 30 June,Persons - 70-74 years (%),,2.5,2.5,2.5,2.6,2.7,
Estimated Resident Population - Persons - As at 30 June,Persons - 75-79 years (%),,1.8,1.8,1.9,1.9,1.9,
Estimated Resident Population - Persons - As at 30 June,Persons - 80-84 years (%),,1.2,1.2,1.2,1.2,1.3,
Estimated Resident Population - Persons - As at 30 June,Persons - 85 and over (%),,1,1,1,1.1,1.1,
Births and Deaths - Year ended 31 December,Births (no.),,2928,3297,3227,3312,3830,
Births and Deaths - Year ended 31 December,Total fertility rate (per female) (rate),,2.08,2.08,2.02,2.04,2.09,
Births and Deaths - Year ended 31 December,Deaths (no.),,884,916,920,940,975,
Births and Deaths - Year ended 31 December,Standardised death rate (per 1000 population) (rate),,5.7,5.7,5.5,5.5,5.4,
Population Density  - As at 30 June,Persons (persons/km2),,656.5,674.4,693.3,712.3,730.4,
Internal and Overseas Migration - As at 30 June,Internal Arrivals (no.),,,,,14736,15526,15595
Internal and Overseas Migration - As at 30 June,Internal Departures (no.),,,,,13684,14845,15499
Internal and Overseas Migration - As at 30 June,Net Internal Migration (no.),,,,,1052,681,96
Internal and Overseas Migration - As at 30 June,Overseas Arrivals (no.),,,,,3811,3676,3661
Internal and Overseas Migration - As at 30 June,Overseas Departures (no.),,,,,1442,1591,1675
Internal and Overseas Migration - As at 30 June,Net Overseas Migration (no.),,,,,2369,2085,1986
Aboriginal and Torres Strait Islander Peoples - Census,Aboriginal and Torres Strait Islander Peoples (%),1.5,,,1.5,,,
Overseas Born Population -  Census,Born in Oceania and Antarctica (excluding Australia) (%),6,,,5.6,,,
Overseas Born Population -  Census,Born in North-West Europe (%),2.3,,,1.8,,,
Overseas Born Population -  Census,Born in Southern and Eastern Europe (%),7.8,,,6.5,,,
Overseas Born Population -  Census,Born in North Africa and the Middle East (%),7.7,,,9.6,,,
Overseas Born Population -  Census,Born in South-East Asia (%),7.6,,,8,,,
Overseas Born Population -  Census,Born in North-East Asia (%),1.3,,,1.7,,,
Overseas Born Population -  Census,Born in Southern and Central Asia (%),3.6,,,4.2,,,
Overseas Born Population -  Census,Born in Americas (%),2.4,,,2.1,,,
Overseas Born Population -  Census,Born in Sub-Saharan Africa (%),1.1,,,1.2,,,
Overseas Born Population -  Census,Total born overseas (%),39.8,,,40.7,,,
Religious Affiliation -  Census,Buddhism (%),5.8,,,5.5,,,
Religious Affiliation -  Census,Christianity (%),61.6,,,53.7,,,
Religious Affiliation -  Census,Hinduism (%),4.9,,,4.9,,,
Religious Affiliation -  Census,Islam (%),10.7,,,12,,,
Religious Affiliation -  Census,Other Religions (%),2.1,,,3.1,,,
Religious Affiliation -  Census,Other Spiritual Beliefs (%),0.4,,,0.1,,,
Religious Affiliation -  Census,"No Religion, Secular Beliefs (%)",7.5,,,11.4,,,
Religious Affiliation -  Census,Religious Affiliation - Inadequately described or not stated (%),7.1,,,9.2,,,
Australian Citizenship - Census,Australian citizen (%),84.5,,,82.4,,,
Australian Citizenship - Census,Not an Australian citizen (%),8.7,,,10.3,,,
Australian Citizenship - Census,Australian citizenship - Not stated (%),6.8,,,7.3,,,
Speaks a Language Other Than English at Home - Census,Speaks a Language Other Than English at Home (%),49.8,,,51.9,,,
Number of Businesses - As at 30 June,Number of non-employing businesses (no.),,,7686,8062,8546,9359,10108
Number of Businesses - As at 30 June,Number of employing businesses: 1-4 employees (no.),,,4833,5248,5493,5710,5769
Number of Businesses - As at 30 June,Number of employing businesses: 5-19 employees (no.),,,1115,1132,1224,1209,1291
Number of Businesses - As at 30 June,Number of employing businesses: 20 or more employees (no.),,,277,293,284,305,336
Number of Businesses - As at 30 June,Total number of businesses (no.),,,13912,14734,15541,16586,17508
Business Entries - Year ended 30 June,Number of non employing business entries (no.),,,,1680,1887,2308,2404
Business Entries - Year ended 30 June,Number of employing business entries: 1-4 employees (no.),,,,992,1016,1087,1010
Business Entries - Year ended 30 June,Number of employing business entries: 5-19 employees (no.),,,,51,67,55,58
Business Entries - Year ended 30 June,Number of employing business entries: 20 or more employees (no.),,,,9,5,9,7
Business Entries - Year ended 30 June,Total number of business entries (no.),,,,2731,2973,3456,3486
Business Exits - Year ended 30 June,Number of non employing business exits (no.),,,,1332,1484,1581,1755
Business Exits - Year ended 30 June,Number of employing business exits: 1-4 employees (no.),,,,496,584,684,674
Business Exits - Year ended 30 June,Number of employing business exits: 5-19 employees (no.),,,,73,56,79,78
Business Exits - Year ended 30 June,Number of employing business exits: 20 or more employees (no.),,,,11,15,13,14
Business Exits - Year ended 30 June,Total number of business exits (no.),,,,1909,2138,2355,2513
Number of Businesses by Industry - As at 30 June,"Agriculture, forestry and fishing (no.)",,,302,297,300,295,291
Number of Businesses by Industry - As at 30 June,Mining (no.),,,4,5,7,6,5
Number of Businesses by Industry - As at 30 June,Manufacturing (no.),,,760,796,804,801,800
Number of Businesses by Industry - As at 30 June,"Electricity, gas water and waste services (no.)",,,35,36,47,58,66
Number of Businesses by Industry - As at 30 June,Construction (no.),,,3274,3506,3728,4023,4221
Number of Businesses by Industry - As at 30 June,Wholesale trade (no.),,,640,634,686,655,718
Number of Businesses by Industry - As at 30 June,Retail trade (no.),,,939,956,979,988,998
Number of Businesses by Industry - As at 30 June,Accommodation and food services (no.),,,427,471,486,516,529
Number of Businesses by Industry - As at 30 June,"Transport, postal and warehousing (no.)",,,1853,2030,2298,2667,2988
Number of Businesses by Industry - As at 30 June,Information media and telecommunications (no.),,,81,93,106,108,113
Number of Businesses by Industry - As at 30 June,Financial and insurance services (no.),,,696,728,792,850,895
Number of Businesses by Industry - As at 30 June,"Rental, hiring and real estate services (no.)",,,1255,1290,1309,1352,1366
Number of Businesses by Industry - As at 30 June,"Professional, scientific and technical services (no.)",,,1084,1154,1195,1292,1352
Number of Businesses by Industry - As at 30 June,Administrative and support services (no.),,,685,716,744,773,826
Number of Businesses by Industry - As at 30 June,Public administration and safety (no.),,,112,117,118,123,132
Number of Businesses by Industry - As at 30 June,Education and training (no.),,,145,153,151,167,189
Number of Businesses by Industry - As at 30 June,Health care and social assistance (no.),,,719,816,836,907,974
Number of Businesses by Industry - As at 30 June,Arts and recreation services (no.),,,132,128,127,130,146
Number of Businesses by Industry - As at 30 June,Other services (no.),,,674,720,752,834,872
Number of Businesses by Industry - As at 30 June,Currently unknown (no.),,,99,94,73,45,34
Number of Businesses by Industry - As at 30 June,Number of Businesses by Industry - Total (no.),,,13912,14734,15541,16586,17508
Building Approvals - Year ended 30 June,Private sector houses (no.),,,,,,1450,1359
Building Approvals - Year ended 30 June,Private sector dwellings excluding houses (no.),,,,,,1665,1282
Building Approvals - Year ended 30 June,Total private sector dwelling units (no.),,,,,,3115,2641
Building Approvals - Year ended 30 June,Total dwelling units (no.),,,,,,3146,2710
Building Approvals - Year ended 30 June,Value of private sector houses ($m),,,,,,437,420
Building Approvals - Year ended 30 June,Value of private sector dwellings excluding houses ($m),,,,,,519,385
Building Approvals - Year ended 30 June,Total value of private sector dwelling units ($m),,,,,,956,805
Building Approvals - Year ended 30 June,Value of residential building ($m),,,,,,967,838
Building Approvals - Year ended 30 June,Value of non-residential building ($m),,,,,,1089,574
Building Approvals - Year ended 30 June,Value of total building ($m),,,,,,2056,1412
Residential Property Prices - Year ended 30 June,Houses - number of transfers (no.),,2388,2477,2131,2258,1858,1434
Residential Property Prices - Year ended 30 June,Houses - median sale price ($),,549000,650000,745000,800000,805000,750000
Residential Property Prices - Year ended 30 June,Attached Dwellings - number of transfers (no.),,1114,1163,927,807,737,512
Residential Property Prices - Year ended 30 June,Attached Dwellings - median sale price ($),,362000,427500,490000,520000,520000,511000
Personal Insolvencies - Year ended 30 June,Total debtors entering business related personal insolvencies (no.),,38,42,32,43,33,34
Personal Insolvencies - Year ended 30 June,Total debtors entering non-business related personal insolvencies (no.),,253,211,228,228,248,242
Personal Insolvencies - Year ended 30 June,Total debtors entering personal insolvencies (no.),,292,247,258,272,282,277
Selected Causes of Personal Insolvencies  - Year ended 30 June,Business related insolvencies caused by economic conditions (no.),,14,15,7,14,14,4
Selected Causes of Personal Insolvencies  - Year ended 30 June,Non-business related insolvencies caused by excessive use of credit (no.),,81,73,81,92,102,88
Selected Causes of Personal Insolvencies  - Year ended 30 June,Non-business related insolvencies caused by unemployment or loss of income (no.),,92,54,62,68,67,73
Occupations of Debtors Entering Business or Non-Business Related Personal Insolvencies - Year ended 30 June,Managers (no.),,28,18,23,28,22,22
Occupations of Debtors Entering Business or Non-Business Related Personal Insolvencies - Year ended 30 June,Professionals (no.),,17,18,20,16,17,28
Occupations of Debtors Entering Business or Non-Business Related Personal Insolvencies - Year ended 30 June,Technicians and trades workers (no.),,47,30,32,43,34,37
Occupations of Debtors Entering Business or Non-Business Related Personal Insolvencies - Year ended 30 June,Community and personal service workers (no.),,28,23,22,28,32,28
Occupations of Debtors Entering Business or Non-Business Related Personal Insolvencies - Year ended 30 June,Clerical and administrative workers (no.),,38,34,38,43,42,38
Occupations of Debtors Entering Business or Non-Business Related Personal Insolvencies - Year ended 30 June,Sales workers (no.),,18,16,16,16,24,23
Occupations of Debtors Entering Business or Non-Business Related Personal Insolvencies - Year ended 30 June,Machinery operators and drivers (no.),,42,27,43,34,47,32
Occupations of Debtors Entering Business or Non-Business Related Personal Insolvencies - Year ended 30 June,Labourers (no.),,33,34,38,34,34,37
Occupations of Debtors Entering Business or Non-Business Related Personal Insolvencies - Year ended 30 June,Debtors with other or unknown occupations (no.),,41,41,24,24,22,31
Registered Motor Vehicles - Type of vehicle -  As at 31 January,Passenger vehicles (no.),,99765,104917,109092,111192,113153,118711
Registered Motor Vehicles - Type of vehicle -  As at 31 January,Campervans (no.),,145,217,274,334,365,400
Registered Motor Vehicles - Type of vehicle -  As at 31 January,Light commercial vehicles (no.),,13394,14135,14890,15641,16141,18070
Registered Motor Vehicles - Type of vehicle -  As at 31 January,Light rigid trucks (no.),,1425,1560,1680,1531,1529,1947
Registered Motor Vehicles - Type of vehicle -  As at 31 January,Heavy rigid trucks (no.),,2316,2364,2523,2622,2714,3121
Registered Motor Vehicles - Type of vehicle -  As at 31 January,Articulated trucks (no.),,757,802,881,880,931,901
Registered Motor Vehicles - Type of vehicle -  As at 31 January,Non-freight carrying trucks (no.),,62,58,74,63,38,44
Registered Motor Vehicles - Type of vehicle -  As at 31 January,Buses (no.),,534,593,474,427,390,565
Registered Motor Vehicles - Type of vehicle -  As at 31 January,Motorcycles (no.),,3341,3600,3656,3797,3692,3745
Registered Motor Vehicles - Type of vehicle -  As at 31 January,Total Registered Motor Vehicles (no.),,120776,127033,132130,134851,138939,147532
Registered Motor Vehicles - Type of fuel -  As at 31 January,Petrol (no.),,103605,107898,111122,112169,114013,118491
Registered Motor Vehicles - Type of fuel -  As at 31 January,Diesel (no.),,13928,16000,18109,19960,22366,26281
Registered Motor Vehicles - Type of fuel -  As at 31 January,LPG/Dual/Other (no.),,3220,3116,2883,2692,2498,2559
Registered Motor Vehicles - Type of fuel -  As at 31 January,Electric (no.),,8,5,9,7,8,14
Registered Motor Vehicles - Year of Manufacture - As at 31 January,Less than 5 years (no.),,35967,38976,41385,42399,44279,48999
Registered Motor Vehicles - Year of Manufacture - As at 31 January,5 to 10 years (no.),,35696,36365,37509,38173,38516,39994
Registered Motor Vehicles - Year of Manufacture - As at 31 January,Over 10 years (no.),,49114,51673,53228,54297,56136,58520
Industry of Employment - Proportion of Employed Persons - Census,"Agriculture, forestry and fishing (%)",0.7,,,0.8,,,
Industry of Employment - Proportion of Employed Persons - Census,Mining (%),0.1,,,0.2,,,
Industry of Employment - Proportion of Employed Persons - Census,Manufacturing  (%),14,,,9.3,,,
Industry of Employment - Proportion of Employed Persons - Census,"Electricity, gas water and waste services (%)",0.9,,,0.8,,,
Industry of Employment - Proportion of Employed Persons - Census,Construction (%),8.5,,,9.9,,,
Industry of Employment - Proportion of Employed Persons - Census,Wholesale trade (%),5.5,,,3.9,,,
Industry of Employment - Proportion of Employed Persons - Census,Retail trade (%),10.4,,,10.1,,,
Industry of Employment - Proportion of Employed Persons - Census,Accommodation and food services (%),5.3,,,5.6,,,
Industry of Employment - Proportion of Employed Persons - Census,"Transport, postal and warehousing (%)",7.9,,,7.8,,,
Industry of Employment - Proportion of Employed Persons - Census,Information media and telecommunications (%),1.6,,,1.5,,,
Industry of Employment - Proportion of Employed Persons - Census,Financial and insurance services (%),4.7,,,4.6,,,
Industry of Employment - Proportion of Employed Persons - Census,"Rental, hiring and real estate services (%)",1.3,,,1.3,,,
Industry of Employment - Proportion of Employed Persons - Census,"Professional, scientific and technical services (%)",4.5,,,4.8,,,
Industry of Employment - Proportion of Employed Persons - Census,Administrative and support services (%),3.4,,,3.4,,,
Industry of Employment - Proportion of Employed Persons - Census,Public administration and safety (%),6.9,,,6.3,,,
Industry of Employment - Proportion of Employed Persons - Census,Education and training (%),5.8,,,6.7,,,
Industry of Employment - Proportion of Employed Persons - Census,Health care and social assistance (%),10.1,,,11.4,,,
Industry of Employment - Proportion of Employed Persons - Census,Arts and recreation services (%),1.1,,,1.2,,,
Industry of Employment - Proportion of Employed Persons - Census,Other services (%),3.9,,,3.8,,,
Industry of Employment - Proportion of Employed Persons - Census,Industry of Employment - Inadequately described or not stated (%),3.4,,,6.5,,,
Industry of Employment - Proportion of Employed Persons - Census,Total persons employed (no.),74567,,,83905,,,
Estimates of Personal Income - Year ended 30 June,Employee income earners (no.),,86966,92334,94467,98151,,
Estimates of Personal Income - Year ended 30 June,Employee income earners - median age (years),,38,38,37,37,,
Estimates of Personal Income - Year ended 30 June,Total employee income ($m),,4480.2,4914,5203.4,5500.1,,
Estimates of Personal Income - Year ended 30 June,Median employee income ($),,46854,48276,49850,50624,,
Estimates of Personal Income - Year ended 30 June,Mean employee income ($),,51516,53219,55082,56038,,
Estimates of Personal Income - Year ended 30 June,Employee income as main source of income (%),,84.4,83.7,83.5,84,,
Estimates of Personal Income - Year ended 30 June,Own unincorporated business income earners (no.),,11762,12557,13143,13586,,
Estimates of Personal Income - Year ended 30 June,Own unincorporated business income earners - median age (years),,44,43,43,43,,
Estimates of Personal Income - Year ended 30 June,Total own unincorporated business income ($m),,258,281.7,301.6,311.2,,
Estimates of Personal Income - Year ended 30 June,Median own unincorporated business income ($),,16327,17699,17838,16776,,
Estimates of Personal Income - Year ended 30 June,Mean own unincorporated business income ($),,21935,22437,22947,22907,,
Estimates of Personal Income - Year ended 30 June,Own unincorporated business income as main source of income (%),,8.1,8.4,8.5,8,,
Estimates of Personal Income - Year ended 30 June,Investment income earners (no.),,53554,58121,60723,61992,,
Estimates of Personal Income - Year ended 30 June,Investment income earners - median age (years),,42,42,41,41,,
Estimates of Personal Income - Year ended 30 June,Total investment income ($m),,192.1,207.7,207.8,199,,
Estimates of Personal Income - Year ended 30 June,Median investment income ($),,214,190,148,119,,
Estimates of Personal Income - Year ended 30 June,Mean investment income ($),,3587,3574,3422,3210,,
Estimates of Personal Income - Year ended 30 June,Investment income as main source of income (%),,6.4,6.8,6.9,6.8,,
Estimates of Personal Income - Year ended 30 June,Superannuation and annuity income earners (no.),,1573,1605,1574,1610,,
Estimates of Personal Income - Year ended 30 June,Superannuation and annuity income earners - median age (years),,56,57,57,57,,
Estimates of Personal Income - Year ended 30 June,Total superannuation and annuity income ($m),,34.5,37.3,38.1,41.3,,
Estimates of Personal Income - Year ended 30 June,Median superannuation and annuity income ($),,11898,12399,13025,13969,,
Estimates of Personal Income - Year ended 30 June,Mean superannuation and annuity income ($),,21959,23234,24232,25648,,
Estimates of Personal Income - Year ended 30 June,Superannuation and annuity income as main source of income (%),,0.8,0.8,0.8,0.7,,
Estimates of Personal Income - Year ended 30 June,Total income earners (excl. Government pensions and allowances) (no.),,91349,95737,98695,103057,,
Estimates of Personal Income - Year ended 30 June,Total income earners (excl. Government pensions and allowances) - median age (years),,40,40,40,39,,
Estimates of Personal Income - Year ended 30 June,Total income (excl. Government pensions and allowances) ($m),,4806.6,5182.5,5472,5797,,
Estimates of Personal Income - Year ended 30 June,Median total income (excl. Government pensions and allowances) ($),,46383,47606,48520,49398,,
Estimates of Personal Income - Year ended 30 June,Mean total income (excl. Government pensions and allowances) ($),,52617,54133,55444,56250,,
Estimates of Personal Income - Year ended 30 June,Total income (excl. Government pensions and allowances) - P80/P20 ratio,,3.85,3.88,4.01,4.07,,
Estimates of Personal Income - Year ended 30 June,Total income (excl. Government pensions and allowances) - P80/P50 ratio,,1.68,1.68,1.7,1.71,,
Estimates of Personal Income - Year ended 30 June,Total income (excl. Government pensions and allowances) - P20/P50 ratio,,0.44,0.43,0.42,0.42,,
Estimates of Personal Income - Year ended 30 June,Total income (excl. Government pensions and allowances) - P10/P50 ratio,,0.23,0.23,0.22,0.22,,
Estimates of Personal Income - Year ended 30 June,Total income (excl. Government pensions and allowances) - Gini coefficient,,0.395,0.398,0.404,0.404,,
Estimates of Personal Income - Year ended 30 June,Total income (excl. Government pensions and allowances) - Income share of top 1% of earners,,5.4,5.5,5.5,5.4,,
Estimates of Personal Income - Year ended 30 June,Total income (excl. Government pensions and allowances) - Income share of top 5% of earners,,16.2,16.4,16.5,16.3,,
Estimates of Personal Income - Year ended 30 June,Total income (excl. Government pensions and allowances) - Income share of top 10% of earners,,26.3,26.6,26.8,26.7,,
Estimates of Personal Income - Year ended 30 June,Total income (excl. Government pensions and allowances) - Lowest Quartile (%),,22,22,22.1,22.1,,
Estimates of Personal Income - Year ended 30 June,Total income (excl. Government pensions and allowances) - Second Quartile (%),,27.3,27.1,26.9,26.8,,
Estimates of Personal Income - Year ended 30 June,Total income (excl. Government pensions and allowances) - Third Quartile (%),,29.9,29.8,29.4,29.3,,
Estimates of Personal Income - Year ended 30 June,Total income (excl. Government pensions and allowances) - Highest Quartile (%),,20.8,21.1,21.6,21.8,,
Gross Capital Gains reported by taxpayers - Year ended 30 June,Gross Capital Gains reported by taxpayers - Persons (no.),,2943,3107,3068,3205,,
Gross Capital Gains reported by taxpayers - Year ended 30 June,Gross Capital Gains reported by taxpayers - Amount ($m),,132.8,158.6,170.4,174.8,,
Gross Capital Gains reported by taxpayers - Year ended 30 June,Gross Capital Gains reported by taxpayers - Median ($),,5866,6404,5059,4712,,
Gross Capital Gains reported by taxpayers - Year ended 30 June,Gross Capital Gains reported by taxpayers - Mean ($),,45122,51045,55548,54542,,
Selected Government Pensions and Allowances - As at 30 June,Age Pension - Centrelink (no.),,14863,15480,15951,16068,16073,
Selected Government Pensions and Allowances - As at 30 June,Age Pension - DVA (no.),,4,5,5,8,8,12
Selected Government Pensions and Allowances - As at 30 June,Service Pension - DVA (no.),,709,685,657,583,563,550
Selected Government Pensions and Allowances - As at 30 June,Income Support Supplement - DVA (no.),,157,148,138,123,113,100
Selected Government Pensions and Allowances - As at 30 June,Carer Payment (no.),,5408,5750,5948,6122,6343,
Selected Government Pensions and Allowances - As at 30 June,Carer Allowance (no.),,,,,9612,9728,
Selected Government Pensions and Allowances - As at 30 June,Disability Support Pension (no.),,7772,7593,7331,7113,7098,
Selected Government Pensions and Allowances - As at 30 June,Newstart Allowance (no.),,7264,7342,7002,7068,7117,
Selected Government Pensions and Allowances - As at 30 June,Parenting Payment - Single (no.),,2752,2690,2642,2583,2388,
Selected Government Pensions and Allowances - As at 30 June,Parenting Payment - Partnered (no.),,,,,1844,1713,
Selected Government Pensions and Allowances - As at 30 June,Youth Allowance (Full time students/apprentices) (no.),,2851,2738,2660,2424,2387,
Selected Government Pensions and Allowances - As at 30 June,Youth Allowance (Other) (no.),,983,843,670,660,573,
Selected Government Pensions and Allowances - As at 30 June,Family Tax Benefit A (no.),,18562,18488,18414,18257,17678,
Selected Government Pensions and Allowances - As at 30 June,Family Tax Benefit B (no.),,16173,16190,15543,14501,14043,
Selected Government Pensions and Allowances - As at 30 June,Commonwealth Rent Assistance (no.),,,,,,13013,
Total Personal Income (Weekly) - Persons aged 15 years and over  - Census,Persons earning $1-$499 per week (%),,,,28.9,,,
Total Personal Income (Weekly) - Persons aged 15 years and over  - Census,Persons earning $500-$999 per week (%),,,,22.9,,,
Total Personal Income (Weekly) - Persons aged 15 years and over  - Census,Persons earning $1000-$1999 per week (%),,,,21.7,,,
Total Personal Income (Weekly) - Persons aged 15 years and over  - Census,Persons earning $2000-$2999 per week (%),,,,3.3,,,
Total Personal Income (Weekly) - Persons aged 15 years and over  - Census,Persons earning $3000 or more per week (%),,,,1.3,,,
Total Personal Income (Weekly) - Persons aged 15 years and over  - Census,Persons earning nil income (%),,,,12.2,,,
Total Personal Income (Weekly) - Persons aged 15 years and over  - Census,Persons with a negative income (%),,,,0.6,,,
Total Personal Income (Weekly) - Persons aged 15 years and over  - Census,Income inadequately described or not stated (%),,,,9.2,,,
Equivalised Total Household Income,Median equivalised total household income (weekly) ($),699,,,805,,,
Children Enrolled in a Preschool Program (4 & 5 year olds) - As at 1 July,4 year olds enrolled in preschool or in a preschool program (no.),,,,2408,2389,2513,
Children Enrolled in a Preschool Program (4 & 5 year olds) - As at 1 July,5 year olds enrolled in preschool or in a preschool program (no.),,,,434,502,427,
Children Enrolled in a Preschool Program (4 & 5 year olds) - As at 1 July,Total enrolled in preschool (no.),,,,481,528,563,
Children Enrolled in a Preschool Program (4 & 5 year olds) - As at 1 July,Enrolled in preschool program within a long day care centre (no.),,,,2267,2294,2282,
Children Enrolled in a Preschool Program (4 & 5 year olds) - As at 1 July,Children enrolled across more than one provider type (no.),,,,81,59,92,
Children Enrolled in a Preschool Program (4 & 5 year olds) - As at 1 July,Total enrolled in a preschool program (no.),,,,2836,2887,2940,
Children Attending a Preschool Program - As at 1 July,Children attending preschool for less than 15 hours (no.),,,,515,500,427,
Children Attending a Preschool Program - As at 1 July,Children attending preschool for 15 hours or more (no.),,,,2208,2267,2490,
Higher Education Loan Program (HELP) Repayments - Year ended 30 June,Taxpayers with Higher Education Loan Program (HELP) repayment (no.),,3061,3416,4049,4991,,
Jobs In Australia - Year ended 30 June,Number of Jobs - Females,,58829,59462,61414,65320,,
Jobs In Australia - Year ended 30 June,Number of Jobs - Males,,70040,71708,74495,77731,,
Jobs In Australia - Year ended 30 June,Number of Jobs - Persons,,128869,131171,135909,143051,,
Jobs In Australia - Year ended 30 June,"Number of Employee Jobs - Agriculture, forestry and fishing",,515,479,527,532,,
Jobs In Australia - Year ended 30 June,Number of Employee Jobs - Mining,,143,118,130,168,,
Jobs In Australia - Year ended 30 June,Number of Employee Jobs - Manufacturing,,10763,10870,10820,10822,,
Jobs In Australia - Year ended 30 June,"Number of Employee Jobs - Electricity, gas water and waste services",,816,874,799,758,,
Jobs In Australia - Year ended 30 June,Number of Employee Jobs - Construction,,7491,8095,8504,9199,,
Jobs In Australia - Year ended 30 June,Number of Employee Jobs - Wholesale trade,,6824,6942,7119,7306,,
Jobs In Australia - Year ended 30 June,Number of Employee Jobs - Retail trade,,11135,11568,12023,12883,,
Jobs In Australia - Year ended 30 June,Number of Employee Jobs - Accommodation and food services,,7132,7296,7274,7778,,
Jobs In Australia - Year ended 30 June,"Number of Employee Jobs - Transport, postal and warehousing",,7028,7189,6819,7369,,
Jobs In Australia - Year ended 30 June,Number of Employee Jobs - Information media and telecommunications,,1531,1514,1561,1613,,
Jobs In Australia - Year ended 30 June,Number of Employee Jobs - Finance and insurance services,,5845,5926,6185,6231,,
Jobs In Australia - Year ended 30 June,"Number of Employee Jobs - Rental, hiring and real estate services",,1836,2118,2267,2386,,
Jobs In Australia - Year ended 30 June,"Number of Employee Jobs - Professional, scientific and technical services",,5892,6343,6699,7529,,
Jobs In Australia - Year ended 30 June,Number of Employee Jobs - Administrative and support services,,12513,13383,14714,15734,,
Jobs In Australia - Year ended 30 June,Number of Employee Jobs - Public administration and safety,,6764,6920,6753,7719,,
Jobs In Australia - Year ended 30 June,Number of Employee Jobs - Education and training,,8236,7559,7641,8029,,
Jobs In Australia - Year ended 30 June,Number of Employee Jobs - Health care and social assistance,,11851,11582,12442,13254,,
Jobs In Australia - Year ended 30 June,Number of Employee Jobs - Arts and recreation services,,1622,1536,1481,1646,,
Jobs In Australia - Year ended 30 June,Number of Employee Jobs - Other services,,3414,3500,3362,3657,,
Jobs In Australia - Year ended 30 June,Number of Employee Jobs - Total,,116666,118809,122895,129643,,
Highest Year of School Completed - Persons aged 15 years and over - Census,Completed Year 12 or equivalent (%),47.1,,,52.1,,,
Highest Year of School Completed - Persons aged 15 years and over - Census,Completed Year 11 or equivalent (%),6.1,,,5.9,,,
Highest Year of School Completed - Persons aged 15 years and over - Census,Completed Year 10 or equivalent (%),21.8,,,19,,,
Highest Year of School Completed - Persons aged 15 years and over - Census,Completed Year 9 or equivalent (%),6.4,,,5.6,,,
Highest Year of School Completed - Persons aged 15 years and over - Census,Completed Year 8 or below (%),6.9,,,6.2,,,
Highest Year of School Completed - Persons aged 15 years and over - Census,Did not go to school (%),2.4,,,2.6,,,
Highest Year of School Completed - Persons aged 15 years and over - Census,Highest Year of School Completed - Not stated (%),9.3,,,8.5,,,
Persons with Non-School Qualifications - Persons aged 15 years and over - Census,Non-School Qualifications (%),49.9,,,52.4,,,
Persons with Non-School Qualifications - Persons aged 15 years and over - Census,Postgraduate Degree (%),2.1,,,3.1,,,
Persons with Non-School Qualifications - Persons aged 15 years and over - Census,Graduate Diploma/Graduate Certificate (%),0.7,,,0.8,,,
Persons with Non-School Qualifications - Persons aged 15 years and over - Census,Bachelor Degree (%),9.8,,,11.8,,,
Persons with Non-School Qualifications - Persons aged 15 years and over - Census,Advanced Diploma/Diploma (%),7.8,,,9,,,
Persons with Non-School Qualifications - Persons aged 15 years and over - Census,Certificate (%),17.3,,,17.1,,,
Persons with Non-School Qualifications - Persons aged 15 years and over - Census,Non-School Qualifications - Inadequately described (%),12.3,,,10.5,,,
Non-School Qualification: Field of Study - Persons aged 15 years and over - Census,Natural and Physical Sciences (%),2.3,,,2.6,,,
Non-School Qualification: Field of Study - Persons aged 15 years and over - Census,Information Technology (%),3.7,,,4,,,
Non-School Qualification: Field of Study - Persons aged 15 years and over - Census,Engineering and Related Technologies (%),17.4,,,15.7,,,
Non-School Qualification: Field of Study - Persons aged 15 years and over - Census,Architecture and Building (%),5.1,,,5.2,,,
Non-School Qualification: Field of Study - Persons aged 15 years and over - Census,"Agriculture, Environmental and Related Studies (%)",0.9,,,0.9,,,
Non-School Qualification: Field of Study - Persons aged 15 years and over - Census,Health (%),6.5,,,7.6,,,
Non-School Qualification: Field of Study - Persons aged 15 years and over - Census,Education (%),6,,,6.5,,,
Non-School Qualification: Field of Study - Persons aged 15 years and over - Census,Management and Commerce (%),20.1,,,21,,,
Non-School Qualification: Field of Study - Persons aged 15 years and over - Census,Society and Culture (%),8.1,,,9.9,,,
Non-School Qualification: Field of Study - Persons aged 15 years and over - Census,Creative Arts (%),2.2,,,2.5,,,
Non-School Qualification: Field of Study - Persons aged 15 years and over - Census,"Food, Hospitality and Personal Services (%)",4.8,,,4.8,,,
Non-School Qualification: Field of Study - Persons aged 15 years and over - Census,Mixed Field Programmes (%),0.2,,,0.4,,,
Non-School Qualification: Field of Study - Persons aged 15 years and over - Census,Field of Study - Inadequately described or not stated  (%),22.7,,,19,,,
Youth (15-19 Years) Engagement in Work/Study - Census,Working full-time and studying part-time (%),2.1,,,2,,,
Youth (15-19 Years) Engagement in Work/Study - Census,Working part time and studying part-time (%),1.1,,,1.1,,,
Youth (15-19 Years) Engagement in Work/Study - Census,Working part-time and studying full-time (%),12.5,,,14.7,,,
Youth (15-19 Years) Engagement in Work/Study - Census,Working full-time (not studying) (%),5.6,,,4.4,,,
Youth (15-19 Years) Engagement in Work/Study - Census,Studying full-time (not working) (%),58.4,,,58.8,,,
Youth (15-19 Years) Engagement in Work/Study - Census,Working full-time and studying full-time (%),0.5,,,0.6,,,
Youth (15-19 Years) Engagement in Work/Study - Census,Working (away from work) and studying full-time (%),1.5,,,1.4,,,
Youth (15-19 Years) Engagement in Work/Study - Census,Other - Fully engaged (%),0.6,,,0.3,,,
Youth (15-19 Years) Engagement in Work/Study - Census,Fully engaged (%),82.1,,,83.1,,,
Youth (15-19 Years) Engagement in Work/Study - Census,Total persons aged 15-19 years (no.),13724,,,14886,,,
Labour Force Status - Persons aged 15 years and over - Census,Employed (no.),74567,,,83905,,,
Labour Force Status - Persons aged 15 years and over - Census,Unemployed (no.),5619,,,6764,,,
Labour Force Status - Persons aged 15 years and over - Census,Labour Force (no.),80186,,,90669,,,
Labour Force Status - Persons aged 15 years and over - Census,Unemployment rate (%),7,,,7.5,,,
Labour Force Status - Persons aged 15 years and over - Census,Participation rate (%),58.1,,,57.4,,,
Labour Force Status - Persons aged 15 years and over - Census,Not in the Labour Force (%),35.3,,,35.6,,,
Labour Force Status - Persons aged 15 years and over - Census,Labour Force Status not stated (%),6.6,,,7,,,
Labour Force Status - Persons aged 15 years and over - Census,Total population aged 15 years and over (no.),137896,,,158031,,,
Occupation of Employed Persons - As Percentage of Total Employed - Census,Managers (%),9.8,,,10,,,
Occupation of Employed Persons - As Percentage of Total Employed - Census,Professionals (%),15.4,,,17,,,
Occupation of Employed Persons - As Percentage of Total Employed - Census,Technicians and trades workers (%),15.7,,,14.6,,,
Occupation of Employed Persons - As Percentage of Total Employed - Census,Community and personal service workers (%),9.2,,,10,,,
Occupation of Employed Persons - As Percentage of Total Employed - Census,Clerical and administrative workers (%),17.5,,,16.1,,,
Occupation of Employed Persons - As Percentage of Total Employed - Census,Sales workers (%),9,,,9.2,,,
Occupation of Employed Persons - As Percentage of Total Employed - Census,Machinery operators and drivers (%),10.5,,,10.4,,,
Occupation of Employed Persons - As Percentage of Total Employed - Census,Labourers (%),10.5,,,10.4,,,
Occupation of Employed Persons - As Percentage of Total Employed - Census,Occupation of Employed Persons - Inadequately described (%),2.4,,,2.5,,,
Private Health - Year ended 30 June,Taxpayers who report having private health insurance (no.),,39407,41960,43884,45694,,
Core Activity Need for Assistance - Census,Persons who have need for assistance with core activities (%),5.4,,,6.2,,,
Socio-Economic Indexes for Areas (SEIFA) - Australia Deciles - Census,SEIFA decile ranking - Index of Relative Socio-Economic Disadvantage (IRSD),,,,4,,,
Socio-Economic Indexes for Areas (SEIFA) - Australia Deciles - Census,SEIFA decile ranking - Index of Relative Socio-Economic Advantage and Disadvantage (IRSAD),,,,6,,,
Socio-Economic Indexes for Areas (SEIFA) - Australia Deciles - Census,SEIFA decile ranking - Index of Education and Occupation (IEO),,,,5,,,
Socio-Economic Indexes for Areas (SEIFA) - Australia Deciles - Census,SEIFA decile ranking - Index of Economic Resources (IER),,,,8,,,
Socio-Economic Indexes for Areas (SEIFA) - State Deciles - Census,SEIFA decile ranking - Index of Relative Socio-Economic Disadvantage (IRSD),,,,4,,,
Socio-Economic Indexes for Areas (SEIFA) - State Deciles - Census,SEIFA decile ranking - Index of Relative Socio-Economic Advantage and Disadvantage (IRSAD),,,,7,,,
Socio-Economic Indexes for Areas (SEIFA) - State Deciles - Census,SEIFA decile ranking - Index of Education and Occupation (IEO),,,,5,,,
Socio-Economic Indexes for Areas (SEIFA) - State Deciles - Census,SEIFA decile ranking - Index of Economic Resources (IER),,,,8,,,
Dwelling Structure - Private dwellings - Census,Separate house (no.),40344,,,44395,,,
Dwelling Structure - Private dwellings - Census,"Semi-detached, row or terrace house, townhouse etc. (no.)",6353,,,6157,,,
Dwelling Structure - Private dwellings - Census,Flat or apartment (no.),6763,,,7772,,,
Dwelling Structure - Private dwellings - Census,Other dwelling (no.),87,,,124,,,
Dwelling Structure - Private dwellings - Census,Dwelling structure not stated (no.),47,,,325,,,
Dwelling Structure - Private dwellings - Census,Total private dwellings (no.),53594,,,58773,,,
Tenure Type - Occupied private dwellings - Census,Owned outright (%),24.1,,,24.1,,,
Tenure Type - Occupied private dwellings - Census,Owned with a mortgage (%),41.9,,,40,,,
Tenure Type - Occupied private dwellings - Census,Rented (%),30.4,,,32,,,
Tenure Type - Occupied private dwellings - Census,Other tenure type (%),0.6,,,0.7,,,
Tenure Type - Occupied private dwellings - Census,Tenure Type not stated (%),3.1,,,3.2,,,
Housing Suitability - Occupied private dwellings - Census,Dwellings with extra bedrooms needed (no.),,,,4447,,,
Housing Suitability - Occupied private dwellings - Census,Dwellings with bedrooms spare (no.),,,,38015,,,
Housing Suitability - Occupied private dwellings - Census,Dwellings with no bedrooms needed or spare (no.),,,,12525,,,
Access to Internet at Home - Occupied Private Dwellings - Census,Internet accessed from dwelling (%),,,,82.4,,,
Access to Internet at Home - Occupied Private Dwellings - Census,Internet not accessed from dwelling (%),,,,14.3,,,
Access to Internet at Home - Occupied Private Dwellings - Census,Access to Internet at Home - Inadequately described or not stated (%),,,,3.4,,,
Households by Type - Census,Lone person households (no.),8596,,,9208,,,
Households by Type - Census,Group households (no.),977,,,1029,,,
Households by Type - Census,Family households (no.),44018,,,48556,,,
Households by Type - Census,Total households (no.),53596,,,58786,,,
Households by Type - Census,Average household size (no. of persons),3.2,,,3.2,,,
Rent and Mortgage Payments - Census,Average monthly household rental payment ($),1245,,,1567,,,
Rent and Mortgage Payments - Census,Average monthly household mortgage payment ($),2207,,,2199,,,
Household Stress - Census,Households where mortgage repayments are less than 30% of household income (%),83.3,,,87.8,,,
Household Stress - Census,Households with mortgage repayments greater than or equal to 30% of household income (%),16.7,,,12.2,,,
Household Stress - Census,Households where rent payments are less than 30% of household income (%),87.8,,,85.5,,,
Household Stress - Census,Households with rent payments greater than or equal to 30% of household income (%),12.2,,,14.5,,,
Homelessness - Census,"Homeless rate per 10,000 persons",43.3,,,51.7,,,
Families by Type - Census,Couple families with children under 15 and/or dependent students (no.),21322,,,23535,,,
Families by Type - Census,Couple families with non-dependent children only (no.),5094,,,5956,,,
Families by Type - Census,Couple families without children (no.),11056,,,12021,,,
Families by Type - Census,One parent families with children under 15 and/or dependent students (no.),5443,,,5849,,,
Families by Type - Census,One parent families with non-dependent children only (no.),3028,,,3593,,,
Families by Type - Census,Other families (no.),606,,,800,,,
Families by Type - Census,Total families (no.),46564,,,51746,,,
Families by Type - Census,Average family size (no. of persons),3.4,,,3.4,,,
Social Marital Status & Registered Marital Status - Persons aged 15 years and over - Census,Married in a registered marriage (no.),67488,,,73087,,,
Social Marital Status & Registered Marital Status - Persons aged 15 years and over - Census,Married in a de facto marriage (no.),6234,,,8423,,,
Social Marital Status & Registered Marital Status - Persons aged 15 years and over - Census,Not married (no.),53224,,,61824,,,
Social Marital Status & Registered Marital Status - Persons aged 15 years and over - Census,Married (%),52.9,,,51.8,,,
Social Marital Status & Registered Marital Status - Persons aged 15 years and over - Census,Never Married (%),32,,,32.7,,,
Social Marital Status & Registered Marital Status - Persons aged 15 years and over - Census,Widowed (%),4.6,,,4.5,,,
Social Marital Status & Registered Marital Status - Persons aged 15 years and over - Census,Divorced (%),6.9,,,7.2,,,
Social Marital Status & Registered Marital Status - Persons aged 15 years and over - Census,Separated (%),3.6,,,3.8,,,
Count of All Children in Family - Census,Average number of all children in a family,2,,,2,,,
Unpaid Child Care - Persons aged 15 years and over - Census,Persons who did not provide child care (%),62.6,,,63.5,,,
Unpaid Child Care - Persons aged 15 years and over - Census,Persons who cared for own child/children (%),22.1,,,21.8,,,
Unpaid Child Care - Persons aged 15 years and over - Census,Persons who cared for other child/children (%),5.8,,,5.7,,,
Unpaid Child Care - Persons aged 15 years and over - Census,Persons who cared for own child/children and other child/children (%),0.6,,,0.5,,,
Unpaid Child Care - Persons aged 15 years and over - Census,Unpaid Child Care - Not stated (%),8.9,,,8.5,,,
Unpaid Work - Persons aged 15 years and over - Census,Persons who provided unpaid assistance to a person with a disability (%),11.2,,,11.9,,,
Unpaid Work - Persons aged 15 years and over - Census,Persons undertaking voluntary work for an organisation or group (%),9.5,,,11,,,
Gifts/donations reported by taxpayers - Year ended 30 June,Persons (no.),,34676,36342,37084,37310,,
Gifts/donations reported by taxpayers - Year ended 30 June,Median ($),,135,150,150,150,,
Method of Travel to Work - Employed Persons - Census,Used one method - Train (no.),4254,,,5641,,,
Method of Travel to Work - Employed Persons - Census,Used one method - Tram (no.),4,,,4,,,
Method of Travel to Work - Employed Persons - Census,Used one method - Bus (no.),1228,,,1314,,,
Method of Travel to Work - Employed Persons - Census,Used one method - Ferry (no.),6,,,6,,,
Method of Travel to Work - Employed Persons - Census,Used one method - Car (as driver) (no.),47735,,,54561,,,
Method of Travel to Work - Employed Persons - Census,Used one method - Car (as passenger) (no.),4317,,,4157,,,
Method of Travel to Work - Employed Persons - Census,Used one method - Taxi (no.),106,,,111,,,
Method of Travel to Work - Employed Persons - Census,Used one method - Truck (no.),1348,,,1236,,,
Method of Travel to Work - Employed Persons - Census,Used one method - Motor bike/scooter (no.),239,,,274,,,
Method of Travel to Work - Employed Persons - Census,Used one method - Bicycle (no.),249,,,166,,,
Method of Travel to Work - Employed Persons - Census,Used one method - Other (no.),395,,,372,,,
Method of Travel to Work - Employed Persons - Census,Used one method - Walked only (no.),1661,,,1661,,,
Method of Travel to Work - Employed Persons - Census,Used one method - Total  (no.),61554,,,69508,,,
Method of Travel to Work - Employed Persons - Census,Total - used more than one method (no. ),4086,,,5182,,,
Method of Travel to Work - Employed Persons - Census,People who travelled to work by public transport (no.),9271,,,11676,,,
Method of Travel to Work - Employed Persons - Census,People who travelled to work by car as driver or passenger (no.),54858,,,62385,,,
Method of Travel to Work - Employed Persons - Census,Other - Worked from home (no.),1855,,,2530,,,
Method of Travel to Work - Employed Persons - Census,Other - Employed but did not go to work (no.),5445,,,5608,,,
Method of Travel to Work - Employed Persons - Census,Other - Method of travel not stated (no.),1627,,,1080,,,
Method of Travel to Work - Employed Persons - Census,Total employed (no.),74567,,,83905,,,
Commuting to Work - Census,Average commuting distance from Place of Usual Residence (kms),,,,18.4,,,
Commuting to Work - Census,Median commuting distance from Place of Usual Residence (kms),,,,16.3,,,
Commuting to Work - Census,Average commuting distance to place of work (kms),,,,18.2,,,
Commuting to Work - Census,Median commuting distance to place of work (kms),,,,12.3,,,
Population of Persons Born Overseas - Census,Males (no.),34907,,,40417,,,
Population of Persons Born Overseas - Census,Females (no.),36732,,,42823,,,
Population of Persons Born Overseas - Census,Persons (no.),71637,,,83236,,,
Age of Persons Born Overseas - Census,0-4 years (no.),469,,,556,,,
Age of Persons Born Overseas - Census,5-9 years (no.),1297,,,1458,,,
Age of Persons Born Overseas - Census,10-14 years (no.),1880,,,2131,,,
Age of Persons Born Overseas - Census,15-19 years (no.),2823,,,2734,,,
Age of Persons Born Overseas - Census,20-24 years (no.),3881,,,4026,,,
Age of Persons Born Overseas - Census,25-29 years (no.),5662,,,5739,,,
Age of Persons Born Overseas - Census,30-34 years (no.),6465,,,7829,,,
Age of Persons Born Overseas - Census,35-39 years (no.),6857,,,8220,,,
Age of Persons Born Overseas - Census,40-44 years (no.),7114,,,8058,,,
Age of Persons Born Overseas - Census,45-49 years (no.),7868,,,7767,,,
Age of Persons Born Overseas - Census,50-54 years (no.),7105,,,8259,,,
Age of Persons Born Overseas - Census,55-59 years (no.),5897,,,7366,,,
Age of Persons Born Overseas - Census,60-64 years (no.),4843,,,6005,,,
Age of Persons Born Overseas - Census,65-69 years (no.),3321,,,4739,,,
Age of Persons Born Overseas - Census,70-74 years (no.),2433,,,3275,,,
Age of Persons Born Overseas - Census,75-79 years (no.),1710,,,2277,,,
Age of Persons Born Overseas - Census,80-84 years (no.),1215,,,1495,,,
Age of Persons Born Overseas - Census,85 years and over (no.),810,,,1291,,,
Year of Arrival of Persons Born Overseas - Census,Arrived within 5 years (%),11.2,,,11.5,,,
Year of Arrival of Persons Born Overseas - Census,Arrived 5-10 years ago (%),11.6,,,12.8,,,
Year of Arrival of Persons Born Overseas - Census,Arrived over 10 years ago (%),73.3,,,73.2,,,
Year of Arrival of Persons Born Overseas - Census,Arrival not stated (%),3.8,,,2.6,,,
Citizenship Status of Persons Born Overseas - Census,Australian citizen (%),77.7,,,74.5,,,
Citizenship Status of Persons Born Overseas - Census,Not an Australian citizen (%),20.6,,,23.8,,,
Citizenship Status of Persons Born Overseas - Census,Citizenship not stated (%),1.7,,,1.6,,,
Religious Affiliation of Persons Born Overseas - Census,Buddhism (%),9.6,,,9,,,
Religious Affiliation of Persons Born Overseas - Census,Christianity (%),55.4,,,49.6,,,
Religious Affiliation of Persons Born Overseas - Census,Hinduism (%),9.3,,,8.9,,,
Religious Affiliation of Persons Born Overseas - Census,Islam (%),13.3,,,14.1,,,
Religious Affiliation of Persons Born Overseas - Census,Other Religion (%),4.3,,,6,,,
Religious Affiliation of Persons Born Overseas - Census,Other Spiritual Beliefs (%),0.4,,,0.1,,,
Religious Affiliation of Persons Born Overseas - Census,"No Religion, Secular Beliefs (%)",5.6,,,8.8,,,
Religious Affiliation of Persons Born Overseas - Census,Religious Affiliation - Inadequately described or not stated (%),2,,,3.4,,,
English Proficiency of Persons Born Overseas - Census,Proficient in English (%),81.8,,,80.6,,,
English Proficiency of Persons Born Overseas - Census,Not proficient in English (%),17.2,,,18.6,,,
English Proficiency of Persons Born Overseas - Census,English proficiency not stated (%),0.9,,,0.9,,,
Level of Highest Educational Attainment of Persons Born Overseas - Census,Postgraduate Degree level (%),3,,,4.3,,,
Level of Highest Educational Attainment of Persons Born Overseas - Census,Graduate Diploma and Graduate Certificate level (%),0.6,,,0.9,,,
Level of Highest Educational Attainment of Persons Born Overseas - Census,Bachelor Degree level (%),12.3,,,14.2,,,
Level of Highest Educational Attainment of Persons Born Overseas - Census,Advanced Diploma and Diploma level (%),8.5,,,9.8,,,
Level of Highest Educational Attainment of Persons Born Overseas - Census,Certificate level (%),11.7,,,11.5,,,
Level of Highest Educational Attainment of Persons Born Overseas - Census,School education level (%),46.2,,,42.8,,,
Level of Highest Educational Attainment of Persons Born Overseas - Census,Education not stated (%),6.4,,,4.1,,,
Occupation of Persons Born Overseas - Census,Managers (%),9.3,,,9.7,,,
Occupation of Persons Born Overseas - Census,Professionals (%),16.6,,,17.8,,,
Occupation of Persons Born Overseas - Census,Technicians and trades workers (%),15.6,,,14.2,,,
Occupation of Persons Born Overseas - Census,Community and personal service workers (%),8.2,,,10,,,
Occupation of Persons Born Overseas - Census,Clerical and administrative workers (%),15.6,,,14.3,,,
Occupation of Persons Born Overseas - Census,Sales workers (%),7.1,,,6.8,,,
Occupation of Persons Born Overseas - Census,Machinery operators and drivers (%),11.9,,,12.4,,,
Occupation of Persons Born Overseas - Census,Labourers (%),13.1,,,12.3,,,
Occupation of Persons Born Overseas - Census,Occupation inadequately described or not stated  (%),2.6,,,2.6,,,
Labour Force Status of Persons Born Overseas - Census,Employed (no.),36418,,,41793,,,
Labour Force Status of Persons Born Overseas - Census,Unemployed (no.),2975,,,3610,,,
Labour Force Status of Persons Born Overseas - Census,In the Labour Force (no.),39393,,,45403,,,
Labour Force Status of Persons Born Overseas - Census,Unemployment Rate (%),7.6,,,8,,,
Labour Force Status of Persons Born Overseas - Census,Participation Rate (%),55,,,54.5,,,
Labour Force Status of Persons Born Overseas - Census,Not in the Labour Force (%),40.1,,,41.5,,,
Labour Force Status of Persons Born Overseas - Census,Labour Force Status not stated (%),2,,,1.1,,,
Labour Force Status of Persons Born Overseas - Census,Total overseas born population aged 15 years and over (no.),68001,,,79089,,,
Total Personal Income (Weekly) of Persons Born Overseas - Census,Persons earning $1-$499 per week (%),,,,33.1,,,
Total Personal Income (Weekly) of Persons Born Overseas - Census,Persons earning $500-$999 per week (%),,,,24.7,,,
Total Personal Income (Weekly) of Persons Born Overseas - Census,Persons earning $1000-$1999 per week (%),,,,22,,,
Total Personal Income (Weekly) of Persons Born Overseas - Census,Persons earning $2000-$2999 per week (%),,,,3.3,,,
Total Personal Income (Weekly) of Persons Born Overseas - Census,Persons earning $3000 or more per week (%),,,,1.2,,,
Total Personal Income (Weekly) of Persons Born Overseas - Census,Persons earning nil income (%),,,,12.1,,,
Total Personal Income (Weekly) of Persons Born Overseas - Census,Persons with a negative income (%),,,,0.7,,,
Total Personal Income (Weekly) of Persons Born Overseas - Census,Income inadequately described or not stated (%),,,,2.9,,,
LAND AND ENVIRONMENT,Land Area (ha),,,,,,30574,
Protected Areas - Year ended 30 June,National Parks (no.),,,,1,,1,
Protected Areas - Year ended 30 June,Nature Reserves (no.),,,,2,,2,
Protected Areas - Year ended 30 June,All Other Protected Areas (no.),,,,2,,2,
Protected Areas - Year ended 30 June,Protected Areas - Total (no.),,,,5,,6,
Protected Areas - Year ended 30 June,National Parks (ha),,,,47,,47,
Protected Areas - Year ended 30 June,Nature Reserves (ha),,,,423,,422,
Protected Areas - Year ended 30 June,All Other Protected Areas (ha),,,,87,,87,
Protected Areas - Year ended 30 June,Protected Areas -Total (ha),,,,556,,556,
Protected Areas - Year ended 30 June,National Parks (%),,,,0.2,,0.2,
Protected Areas - Year ended 30 June,Nature Reserves (%),,,,1.4,,1.4,
Protected Areas - Year ended 30 June,All Other Protected Areas (%),,,,0.3,,0.3,
Protected Areas - Year ended 30 June,Protected Areas - Total (%),,,,1.8,,1.8,
Solar Installations - Accumulative Total from 2001,Small-scale solar panel system installations (no.),,7372,8103,8677,9561,10758,
Solar Installations - Accumulative Total from 2001,Increase in solar panel installations from previous year (%),,,9.9,7.1,10.2,12.5,
Solar Installations - Accumulative Total from 2001,Solar water heater installations (no.),,2603,2711,2801,2852,2892,
Solar Installations - Accumulative Total from 2001,Increase in solar water heater installations from previous year (%),,,4.1,3.3,1.8,1.4,
